{"cameraMode":{"drawMode":0,"name":"Shaded","section":"Shading Mode"},"sceneLighting":true,"audioPlay":false,"sceneViewState":{"showFog":true,"showMaterialUpdate":true,"showSkybox":true,"showFlares":true,"showImageEffects":true,"showParticleSystems":true},"in2DMode":false,"pivot":{"x":6.151096343994141,"y":0.7710981965065002,"z":-1.9199318885803223},"rotation":{"x":0.07865097373723984,"y":-0.7018986940383911,"z":0.07844436168670654,"w":0.7035916447639465},"size":0.5342119336128235,"orthographic":false}