{"cameraMode":{"drawMode":0,"name":"Shaded","section":"Shading Mode"},"sceneLighting":true,"audioPlay":false,"sceneViewState":{"showFog":true,"showMaterialUpdate":true,"showSkybox":true,"showFlares":true,"showImageEffects":true,"showParticleSystems":true},"in2DMode":false,"pivot":{"x":-0.42897796630859377,"y":4.673441410064697,"z":-5.89186954498291},"rotation":{"x":0.031801819801330569,"y":0.008985722437500954,"z":-0.0003814747033175081,"w":0.9994670748710632},"size":8.25,"orthographic":false}