{"cameraMode":{"drawMode":0,"name":"Shaded","section":"Shading Mode"},"sceneLighting":false,"audioPlay":false,"sceneViewState":{"showFog":true,"showMaterialUpdate":true,"showSkybox":true,"showFlares":true,"showImageEffects":true,"showParticleSystems":true},"in2DMode":false,"pivot":{"x":-0.23019695281982423,"y":-0.10275226831436157,"z":1.18958580493927},"rotation":{"x":0.027571290731430055,"y":-0.6496874094009399,"z":0.023616807535290719,"w":0.7593984007835388},"size":2.8578836917877199,"orthographic":false}