{"cameraMode":{"drawMode":0,"name":"Shaded","section":"Shading Mode"},"sceneLighting":true,"audioPlay":false,"sceneViewState":{"showFog":true,"showMaterialUpdate":true,"showSkybox":true,"showFlares":true,"showImageEffects":true,"showParticleSystems":true},"in2DMode":false,"pivot":{"x":36.90202331542969,"y":5.128361225128174,"z":2.5712361335754396},"rotation":{"x":-0.11803380399942398,"y":0.5776896476745606,"z":-0.08474871516227722,"w":-0.803348958492279},"size":2.286306858062744,"orthographic":false}