{"cameraMode":{"drawMode":0,"name":"Shaded","section":"Shading Mode"},"sceneLighting":true,"audioPlay":false,"sceneViewState":{"showFog":true,"showMaterialUpdate":true,"showSkybox":true,"showFlares":true,"showImageEffects":true,"showParticleSystems":true},"in2DMode":false,"pivot":{"x":6.296483516693115,"y":-10.447212219238282,"z":-31.448274612426759},"rotation":{"x":0.016190940514206888,"y":0.97869473695755,"z":-0.18600745499134065,"w":0.08567610383033753},"size":34.015621185302737,"orthographic":false}