{"cameraMode":{"drawMode":0,"name":"Shaded","section":"Shading Mode"},"sceneLighting":true,"audioPlay":false,"sceneViewState":{"showFog":true,"showMaterialUpdate":true,"showSkybox":true,"showFlares":true,"showImageEffects":true,"showParticleSystems":true},"in2DMode":false,"pivot":{"x":-1.3319597244262696,"y":2.846412181854248,"z":1.6800422668457032},"rotation":{"x":-0.09201827645301819,"y":0.28900885581970217,"z":-0.027920806780457498,"w":-0.952484667301178},"size":10.0,"orthographic":false}