{"cameraMode":{"drawMode":0,"name":"Shaded","section":"Shading Mode"},"sceneLighting":true,"audioPlay":false,"sceneViewState":{"showFog":true,"showMaterialUpdate":true,"showSkybox":true,"showFlares":true,"showImageEffects":true,"showParticleSystems":true},"in2DMode":false,"pivot":{"x":-1.7784414291381837,"y":4.634526252746582,"z":1.5925025939941407},"rotation":{"x":-0.005998121574521065,"y":0.3103781044483185,"z":-0.0019584884867072107,"w":-0.9505923390388489},"size":10.0,"orthographic":false}