{"cameraMode":{"drawMode":0,"name":"Shaded","section":"Shading Mode"},"sceneLighting":true,"audioPlay":false,"sceneViewState":{"showFog":true,"showMaterialUpdate":true,"showSkybox":true,"showFlares":true,"showImageEffects":true,"showParticleSystems":true},"in2DMode":false,"pivot":{"x":16.82144546508789,"y":6.445612907409668,"z":-4.528522491455078},"rotation":{"x":-0.06524719297885895,"y":-0.8315097689628601,"z":-0.10000193119049072,"w":0.5425311326980591},"size":10.0,"orthographic":false}